character_battle_level,character_card,character_class,character_engraving,character_equipment_level,character_expedition_level,character_gem,character_item_level,character_power,character_stat,character_vitality,created_date,modified_date,character_name
60,세상을 구하는 빛 6세트 (30각성합계),블레이드,"원한 Lv. 3,슈퍼 차지 Lv. 3,저주받은 인형 Lv. 3,기습의 대가 Lv. 3,잔재된 기운 Lv. 2,아드레날린 Lv. 2","19 타락한 마수의 사멸 검,20 마수의 사멸 머리장식,20 마수의 사멸 상의,20 마수의 사멸 하의,19 타락한 마수의 사멸 장갑,13 타락한 마수의 사멸 견갑",219,"10레벨 멸화의 보석,7레벨 멸화의 보석,7레벨 멸화의 보석,7레벨 멸화의 보석,7레벨 멸화의 보석,7레벨 홍염의 보석,7레벨 홍염의 보석,7레벨 홍염의 보석,7레벨 홍염의 보석,7레벨 홍염의 보석,7레벨 홍염의 보석",1600.0,54899,"치명 618,특화 1798,신속 56",182190,2022-09-21 16:19:41.978477,2022-10-17 18:20:04.661099,너와떠나는여행
60,세상을 구하는 빛 6세트 (30각성합계),기공사,"원한 Lv. 3,예리한 둔기 Lv. 3,저주받은 인형 Lv. 3,역천지체 Lv. 3,아드레날린 Lv. 3,속전속결 Lv. 1","22 몽환의 환각 기공패,19 몽환의 환각 머리장식,14 차오른 몽환의 환각 상의,19 몽환의 환각 하의,14 차오른 몽환의 환각 장갑,19 몽환의 환각 견갑",240,"9레벨 멸화의 보석,9레벨 멸화의 보석,9레벨 멸화의 보석,9레벨 홍염의 보석,9레벨 홍염의 보석,7레벨 멸화의 보석,7레벨 멸화의 보석,7레벨 홍염의 보석,7레벨 홍염의 보석,7레벨 홍염의 보석,7레벨 홍염의 보석",1588.33,49942,"치명 535,특화 1784,신속 125",169754,2022-09-21 16:19:42.565941,2022-10-13 20:14:15.670205,채연
60,남겨진 바람의 절벽 6세트 (30각성합계),홀리나이트,"구슬동자 Lv. 3,급소 타격 Lv. 3,각성 Lv. 3,축복의 오라 Lv. 3,전문의 Lv. 3,중갑 착용 Lv. 1","22 사로잡힌 광기의 갈망 한손검,16 사로잡힌 광기의 갈망 투구,20 사로잡힌 광기의 갈망 상의,20 사로잡힌 광기의 갈망 하의,16 사로잡힌 광기의 갈망 장갑,22 광기의 갈망 견갑",226,"10레벨 홍염의 보석,10레벨 홍염의 보석,10레벨 홍염의 보석,9레벨 홍염의 보석,9레벨 홍염의 보석,9레벨 홍염의 보석,9레벨 홍염의 보석,8레벨 멸화의 보석,8레벨 멸화의 보석,7레벨 멸화의 보석,7레벨 홍염의 보석",1615.83,52561,"치명 65,특화 622,신속 1815",213510,2022-09-21 16:19:43.163837,2022-10-25 20:41:54.946022,유혈랑
59,트리시온 4세트,버서커,"원한 Lv. 3,예리한 둔기 Lv. 3,달인의 저력 Lv. 3,저주받은 인형 Lv. 3,광기 Lv. 1","18 악몽의 꽃 대검,19 악몽의 꽃 투구,18 악몽의 꽃 상의,18 악몽의 꽃 하의,19 악몽의 꽃 장갑,19 악몽의 꽃 견갑",148,"7레벨 멸화의 보석,7레벨 홍염의 보석,6레벨 멸화의 보석,5레벨 멸화의 보석,5레벨 멸화의 보석,5레벨 멸화의 보석,5레벨 멸화의 보석,5레벨 멸화의 보석,5레벨 홍염의 보석,5레벨 홍염의 보석,5레벨 홍염의 보석",1467.5,26636,"치명 1209,특화 47,신속 834",102418,2022-09-21 16:19:43.716356,2022-10-13 20:14:16.814476,우유맛조아
60,세상을 구하는 빛 6세트 (30각성합계),소서리스,"원한 Lv. 3,예리한 둔기 Lv. 3,환류 Lv. 3,타격의 대가 Lv. 3,아드레날린 Lv. 3,돌격대장 Lv. 1","20 피어난 악몽의 공명 롱 스태프,19 몽환의 악몽 머리장식,19 몽환의 악몽 상의,18 몽환의 악몽 하의,19 피어난 악몽의 공명 장갑,19 몽환의 악몽 어깨장식",196,"9레벨 멸화의 보석,9레벨 멸화의 보석,9레벨 멸화의 보석,9레벨 멸화의 보석,9레벨 홍염의 보석,8레벨 멸화의 보석,8레벨 멸화의 보석,8레벨 멸화의 보석,8레벨 홍염의 보석,8레벨 홍염의 보석,8레벨 홍염의 보석",1580.0,40835,"치명 1532,특화 58,신속 835",140088,2022-09-21 16:19:44.310459,2022-10-24 19:17:08.008177,데이지아SR
60,카제로스의 군단장 6세트 (18각성합계),인파이터,"원한 Lv. 3,예리한 둔기 Lv. 3,극의: 체술 Lv. 3,저주받은 인형 Lv. 3,기습의 대가 Lv. 3,아드레날린 Lv. 1","20 가라앉은 욕망의 배신 헤비 건틀릿,19 욕망의 배신 머리장식,19 욕망의 배신 상의,19 욕망의 배신 하의,15 가라앉은 욕망의 배신 장갑,15 가라앉은 욕망의 배신 견갑",174,"10레벨 멸화의 보석,10레벨 멸화의 보석,10레벨 멸화의 보석,10레벨 멸화의 보석,9레벨 멸화의 보석,9레벨 멸화의 보석,9레벨 멸화의 보석,7레벨 홍염의 보석,7레벨 홍염의 보석,7레벨 홍염의 보석,7레벨 홍염의 보석",1594.17,55273,"치명 1281,특화 58,신속 1133",183971,2022-09-21 16:19:44.909857,2022-10-25 20:41:57.707680,남순이견주
56,남겨진 바람의 절벽 6세트 (12각성합계),기상술사,"질풍노도 Lv. 3,원한 Lv. 3,돌격대장 Lv. 3,아드레날린 Lv. 3","19 환각의 비명 우산,18 환각의 비명 머리장식,18 환각의 비명 상의,18 환각의 비명 하의,18 환각의 비명 장갑,18 환각의 비명 어깨장식",128,"5레벨 멸화의 보석,5레벨 멸화의 보석,5레벨 멸화의 보석,5레벨 멸화의 보석,5레벨 멸화의 보석,5레벨 멸화의 보석,5레벨 홍염의 보석,5레벨 홍염의 보석,5레벨 홍염의 보석,5레벨 홍염의 보석,5레벨 홍염의 보석",1462.5,23368,"치명 529,특화 38,신속 1680",102740,2022-09-21 16:19:45.486978,2022-10-24 19:17:09.171054,묵련비
60,세상을 구하는 빛 6세트 (30각성합계),창술사,"원한 Lv. 3,예리한 둔기 Lv. 3,돌격대장 Lv. 3,절정 Lv. 3,질량 증가 Lv. 3,저주받은 인형 Lv. 2","24 몽환의 악몽 창,14 전이된 몽환의 악몽 머리장식,15 전이된 몽환의 악몽 상의,14 전이된 몽환의 악몽 하의,14 전이된 몽환의 악몽 장갑,15 전이된 몽환의 악몽 견갑",184,"10레벨 홍염의 보석,9레벨 멸화의 보석,9레벨 멸화의 보석,9레벨 멸화의 보석,9레벨 멸화의 보석,9레벨 멸화의 보석,9레벨 멸화의 보석,9레벨 홍염의 보석,7레벨 홍염의 보석,7레벨 홍염의 보석,7레벨 홍염의 보석",1599.17,58053,"치명 61,특화 1778,신속 620",192550,2022-09-21 16:19:46.081386,2022-10-25 21:01:14.179399,피망꼬치구이
60,세상을 구하는 빛 6세트 (30각성합계),스트라이커,"원한 Lv. 3,기습의 대가 Lv. 3,돌격대장 Lv. 3,질량 증가 Lv. 3,아드레날린 Lv. 3,오의난무 Lv. 1","19 타락한 마수의 사멸 건틀릿,14 타락한 마수의 사멸 머리장식,18 타락한 마수의 사멸 상의,16 타락한 마수의 사멸 하의,18 타락한 마수의 사멸 장갑,18 타락한 마수의 사멸 견갑",244,"10레벨 멸화의 보석,10레벨 멸화의 보석,10레벨 멸화의 보석,10레벨 홍염의 보석,10레벨 홍염의 보석,10레벨 홍염의 보석,10레벨 홍염의 보석,8레벨 홍염의 보석,7레벨 홍염의 보석,7레벨 홍염의 보석,7레벨 홍염의 보석",1610.83,57210,"치명 668,특화 1776,신속 56",182412,2022-09-21 16:19:49.760879,2022-10-24 19:17:10.382802,강배
60,세상을 구하는 빛 6세트 (30각성합계),창술사,"절제 Lv. 3,원한 Lv. 3,저주받은 인형 Lv. 3,기습의 대가 Lv. 3,돌격대장 Lv. 3,아드레날린 Lv. 1","19 숨죽인 배신의 부름 창,16 숨죽인 배신의 부름 머리장식,17 숨죽인 배신의 부름 상의,16 숨죽인 배신의 부름 하의,16 숨죽인 배신의 부름 장갑,16 숨죽인 배신의 부름 견갑",139,"9레벨 멸화의 보석,9레벨 멸화의 보석,9레벨 멸화의 보석,9레벨 멸화의 보석,9레벨 홍염의 보석,7레벨 멸화의 보석,7레벨 홍염의 보석,7레벨 홍염의 보석,7레벨 홍염의 보석,7레벨 홍염의 보석,7레벨 홍염의 보석",1556.67,44827,"치명 612,특화 58,신속 1786",160587,2022-09-21 16:19:50.360567,2022-10-13 20:14:20.522920,명하누
60,세상을 구하는 빛 6세트 (30각성합계),리퍼,"원한 Lv. 3,예리한 둔기 Lv. 3,저주받은 인형 Lv. 3,기습의 대가 Lv. 3,달의 소리 Lv. 3,아드레날린 Lv. 1","21 타락한 마수의 사멸 대거,17 타락한 마수의 사멸 머리장식,17 타락한 마수의 사멸 상의,14 타락한 마수의 사멸 하의,17 타락한 마수의 사멸 장갑,17 타락한 마수의 사멸 견갑",260,"10레벨 멸화의 보석,10레벨 멸화의 보석,10레벨 멸화의 보석,10레벨 홍염의 보석,7레벨 홍염의 보석,7레벨 홍염의 보석,7레벨 홍염의 보석,7레벨 홍염의 보석,7레벨 홍염의 보석,7레벨 홍염의 보석,7레벨 홍염의 보석",1610.83,58182,"치명 617,특화 1808,신속 56",188878,2022-09-21 16:19:50.998861,2022-10-24 19:17:11.563032,킹기다킹기
60,세상을 구하는 빛 6세트 (18각성합계),건슬링어,"원한 Lv. 3,예리한 둔기 Lv. 3,저주받은 인형 Lv. 3,타격의 대가 Lv. 3,아드레날린 Lv. 2,피스메이커 Lv. 1","17 아득한 배신의 시선 총,15 숨죽인 배신의 부름 모자,15 숨죽인 배신의 부름 상의,15 숨죽인 배신의 부름 하의,15 숨죽인 배신의 부름 장갑,16 숨죽인 배신의 부름 견갑",160,"7레벨 멸화의 보석,7레벨 멸화의 보석,7레벨 멸화의 보석,7레벨 멸화의 보석,7레벨 멸화의 보석,7레벨 멸화의 보석,7레벨 멸화의 보석,7레벨 홍염의 보석,7레벨 홍염의 보석,7레벨 홍염의 보석,7레벨 홍염의 보석",1545.0,40708,"치명 1346,특화 528,신속 539",133689,2022-09-21 16:19:51.593305,2022-10-13 20:14:21.764784,배천덕
60,세상을 구하는 빛 6세트 (30각성합계),소서리스,"원한 Lv. 3,점화 Lv. 3,타격의 대가 Lv. 3,속전속결 Lv. 3,정밀 단도 Lv. 3,아드레날린 Lv. 1","20 전이된 몽환의 악몽 롱 스태프,20 몽환의 악몽 머리장식,16 전이된 몽환의 악몽 상의,20 몽환의 악몽 하의,16 전이된 몽환의 악몽 장갑,16 전이된 몽환의 악몽 어깨장식",244,"10레벨 멸화의 보석,10레벨 멸화의 보석,10레벨 멸화의 보석,9레벨 멸화의 보석,9레벨 멸화의 보석,9레벨 멸화의 보석,9레벨 멸화의 보석,9레벨 홍염의 보석,9레벨 홍염의 보석,9레벨 홍염의 보석,9레벨 홍염의 보석",1603.33,49472,"치명 163,특화 1815,신속 522",180421,2022-09-21 16:19:52.209620,2022-10-20 00:44:51.808796,송저송
60,세상을 구하는 빛 6세트 (30각성합계),배틀마스터,"원한 Lv. 3,돌격대장 Lv. 3,질량 증가 Lv. 3,아드레날린 Lv. 3,오의 강화 Lv. 2,각성 Lv. 2","18 가라앉은 욕망의 배신 건틀릿,19 욕망의 배신 머리장식,19 욕망의 배신 상의,14 가라앉은 욕망의 배신 하의,13 가라앉은 욕망의 배신 장갑,19 욕망의 배신 견갑",216,"10레벨 홍염의 보석,10레벨 홍염의 보석,9레벨 멸화의 보석,9레벨 멸화의 보석,9레벨 멸화의 보석,9레벨 멸화의 보석,9레벨 홍염의 보석,7레벨 멸화의 보석,7레벨 홍염의 보석,7레벨 홍염의 보석,7레벨 홍염의 보석",1590.0,53905,"치명 65,특화 866,신속 1574",179959,2022-09-21 16:19:52.815001,2022-10-25 21:01:17.991771,블루밍소설
60,카제로스의 군단장 6세트 (18각성합계),워로드,"저주받은 인형 Lv. 3,안정된 상태 Lv. 3,원한 Lv. 3,바리케이드 Lv. 3,정밀 단도 Lv. 3,전투 태세 Lv. 1","20 몽환의 악몽 랜스,16 전이된 몽환의 악몽 투구,15 전이된 몽환의 악몽 상의,14 전이된 몽환의 악몽 하의,15 전이된 몽환의 악몽 장갑,15 전이된 몽환의 악몽 견갑",173,,1598.33,49147,"치명 30,특화 1786,신속 519",211095,2022-09-21 16:19:53.472242,2022-10-25 20:42:05.147779,신레델라
58,세상을 구하는 빛 6세트 (18각성합계),인파이터,"극의: 체술 Lv. 3,원한 Lv. 3,예리한 둔기 Lv. 3,저주받은 인형 Lv. 3,기습의 대가 Lv. 3","21 사멸의 대지 헤비 건틀릿,20 사멸의 대지 머리장식,20 사멸의 대지 상의,20 사멸의 대지 하의,19 사멸의 대지 장갑,20 사멸의 대지 견갑",169,"7레벨 멸화의 보석,7레벨 멸화의 보석,7레벨 멸화의 보석,7레벨 멸화의 보석,7레벨 멸화의 보석,7레벨 멸화의 보석,7레벨 홍염의 보석,7레벨 홍염의 보석,7레벨 홍염의 보석,7레벨 홍염의 보석,7레벨 홍염의 보석",1490.0,31524,"치명 1070,특화 56,신속 1192",127217,2022-09-21 16:19:54.038861,2022-10-24 19:17:14.531547,그거저아닌데
60,세상을 구하는 빛 6세트 (30각성합계),배틀마스터,"원한 Lv. 3,예리한 둔기 Lv. 3,저주받은 인형 Lv. 3,돌격대장 Lv. 3,아드레날린 Lv. 3,오의 강화 Lv. 1","18 차오른 몽환의 환각 건틀릿,15 차오른 몽환의 환각 머리장식,19 몽환의 환각 상의,19 몽환의 환각 하의,15 차오른 몽환의 환각 장갑,15 차오른 몽환의 환각 견갑",232,"10레벨 홍염의 보석,9레벨 멸화의 보석,9레벨 멸화의 보석,9레벨 멸화의 보석,9레벨 멸화의 보석,9레벨 홍염의 보석,8레벨 홍염의 보석,8레벨 홍염의 보석,7레벨 홍염의 보석,7레벨 홍염의 보석,7레벨 홍염의 보석",1595.83,54380,"치명 185,특화 840,신속 1464",219982,2022-09-21 16:19:54.602365,2022-10-25 20:42:06.415487,배낼
60,남겨진 바람의 절벽 6세트 (12각성합계),데모닉,"정기 흡수 Lv. 3,원한 Lv. 3,예리한 둔기 Lv. 3,돌격대장 Lv. 3,멈출 수 없는 충동 Lv. 3","18 속삭이는 환각의 메아리 데모닉웨폰,15 속삭이는 환각의 메아리 머리장식,16 속삭이는 환각의 메아리 상의,14 속삭이는 환각의 메아리 하의,15 속삭이는 환각의 메아리 장갑,15 속삭이는 환각의 메아리 견갑",113,"9레벨 멸화의 보석,7레벨 홍염의 보석",1545.0,34091,"치명 523,특화 1761,신속 123",131436,2022-09-21 16:19:55.193772,2022-10-24 19:17:15.772305,헵짚
60,세상을 구하는 빛 6세트 (18각성합계),블레이드,"원한 Lv. 3,슈퍼 차지 Lv. 3,저주받은 인형 Lv. 3,기습의 대가 Lv. 3,잔재된 기운 Lv. 3","15 아득한 배신의 시선 검,15 아득한 배신의 시선 머리장식,18 아득한 배신의 시선 상의,14 아득한 배신의 시선 하의,14 아득한 배신의 시선 장갑,14 아득한 배신의 시선 견갑",187,"8레벨 멸화의 보석,7레벨 멸화의 보석,7레벨 멸화의 보석,7레벨 멸화의 보석,7레벨 멸화의 보석,7레벨 홍염의 보석,7레벨 홍염의 보석,7레벨 홍염의 보석,7레벨 홍염의 보석,7레벨 홍염의 보석,6레벨 홍염의 보석",1540.0,37728,"치명 553,특화 1730,신속 56",149851,2022-09-21 16:19:55.760332,2022-10-13 20:14:25.970494,야레기
60,세상을 구하는 빛 6세트 (18각성합계),건슬링어,"원한 Lv. 3,예리한 둔기 Lv. 3,저주받은 인형 Lv. 3,타격의 대가 Lv. 3,아드레날린 Lv. 2,피스메이커 Lv. 1","16 그릇된 구원의 여로 총,15 그릇된 구원의 여로 모자,15 그릇된 구원의 여로 상의,15 그릇된 구원의 여로 하의,15 그릇된 구원의 여로 장갑,15 그릇된 구원의 여로 견갑",201,"8레벨 멸화의 보석,8레벨 홍염의 보석,8레벨 홍염의 보석,7레벨 멸화의 보석,7레벨 멸화의 보석,7레벨 멸화의 보석,7레벨 멸화의 보석,7레벨 멸화의 보석,7레벨 멸화의 보석,7레벨 홍염의 보석,7레벨 홍염의 보석",1541.67,38735,"치명 1106,특화 623,신속 609",116139,2022-09-21 16:19:56.339302,2022-10-17 18:20:17.838366,능동로무법자
60,필드 보스 II 6세트,바드,"최대 마나 증가 Lv. 3,절실한 구원 Lv. 3,중갑 착용 Lv. 3,각성 Lv. 3,전문의 Lv. 3,위기 모면 Lv. 1","16 아득한 배신의 시선 리아네 하프,18 숨죽인 배신의 부름 머리장식,17 숨죽인 배신의 부름 상의,17 아득한 배신의 시선 하의,17 숨죽인 배신의 부름 장갑,18 아득한 배신의 시선 어깨장식",125,,1561.67,35840,"치명 20,특화 607,신속 1680",142320,2022-09-21 16:19:56.886873,2022-10-25 20:42:08.808237,메리크리스마스
60,남겨진 바람의 절벽 6세트 (30각성합계),바드,"급소 타격 Lv. 3,최대 마나 증가 Lv. 3,절실한 구원 Lv. 3,각성 Lv. 3,전문의 Lv. 3,중갑 착용 Lv. 1","19 광기의 갈망 리아네 하프,20 광기의 갈망 머리장식,16 사로잡힌 광기의 갈망 상의,15 사로잡힌 광기의 갈망 하의,14 사로잡힌 광기의 갈망 장갑,13 사로잡힌 광기의 갈망 어깨장식",197,"10레벨 홍염의 보석,7레벨 홍염의 보석,7레벨 홍염의 보석,7레벨 홍염의 보석,7레벨 홍염의 보석,7레벨 홍염의 보석,7레벨 홍염의 보석,7레벨 홍염의 보석,5레벨 홍염의 보석",1593.33,41083,"치명 61,특화 727,신속 1516",183715,2022-09-21 16:19:57.428758,2022-10-17 18:20:19.013224,커피바드세요
60,세상을 구하는 빛 6세트 (18각성합계),리퍼,"원한 Lv. 3,예리한 둔기 Lv. 3,저주받은 인형 Lv. 3,기습의 대가 Lv. 3,달의 소리 Lv. 3","15 메마른 사멸의 밤 대거,15 메마른 사멸의 밤 머리장식,15 메마른 사멸의 밤 상의,15 메마른 사멸의 밤 하의,15 메마른 사멸의 밤 장갑,15 메마른 사멸의 밤 견갑",201,"7레벨 멸화의 보석,7레벨 멸화의 보석,7레벨 멸화의 보석,7레벨 홍염의 보석,7레벨 홍염의 보석,7레벨 홍염의 보석,7레벨 홍염의 보석,6레벨 홍염의 보석,6레벨 홍염의 보석,5레벨 홍염의 보석,5레벨 홍염의 보석",1540.0,37011,"치명 517,특화 1745,신속 54",115202,2022-09-21 16:19:58.026196,2022-10-17 18:20:19.602647,능동로솜주먹
60,세상을 구하는 빛 6세트 (30각성합계),아르카나,"원한 Lv. 3,저주받은 인형 Lv. 3,바리케이드 Lv. 3,타격의 대가 Lv. 3,아드레날린 Lv. 3,황후의 은총 Lv. 1","19 전이된 몽환의 악몽 마법 덱,20 몽환의 악몽 머리장식,16 전이된 몽환의 악몽 상의,13 전이된 몽환의 악몽 하의,16 전이된 몽환의 악몽 장갑,20 몽환의 악몽 어깨장식",231,"10레벨 멸화의 보석,10레벨 멸화의 보석,9레벨 멸화의 보석,7레벨 홍염의 보석,7레벨 홍염의 보석,7레벨 홍염의 보석,7레벨 홍염의 보석,7레벨 홍염의 보석,7레벨 홍염의 보석,7레벨 홍염의 보석,7레벨 홍염의 보석",1600.0,54138,"치명 654,특화 1782,신속 48",173756,2022-09-21 16:19:58.695371,2022-10-25 21:11:25.828586,퍄닥퍄닥퍄닥퍄닥
60,세상을 구하는 빛 6세트 (30각성합계),건슬링어,"저주받은 인형 Lv. 3,원한 Lv. 3,예리한 둔기 Lv. 3,피스메이커 Lv. 3,타격의 대가 Lv. 3,아드레날린 Lv. 1","19 그릇된 구원의 여로 총,15 끝없는 구원의 사슬 모자,15 끝없는 구원의 사슬 상의,15 끝없는 구원의 사슬 하의,16 끝없는 구원의 사슬 장갑,16 끝없는 구원의 사슬 견갑",180,"7레벨 멸화의 보석,7레벨 멸화의 보석,7레벨 멸화의 보석,7레벨 멸화의 보석,7레벨 멸화의 보석,7레벨 멸화의 보석,7레벨 홍염의 보석,7레벨 홍염의 보석,7레벨 홍염의 보석,7레벨 홍염의 보석,7레벨 홍염의 보석",1550.0,44087,"치명 1456,특화 769,신속 54",138949,2022-09-21 16:19:59.295945,2022-10-19 00:00:08.661235,귀여운눈나
60,카제로스의 군단장 6세트 (18각성합계),소서리스,"원한 Lv. 3,예리한 둔기 Lv. 3,환류 Lv. 3,타격의 대가 Lv. 3,아드레날린 Lv. 3,에테르 포식자 Lv. 1","20 분열한 환각의 절규 롱 스태프,17 속삭이는 환각의 메아리 머리장식,17 분열한 환각의 절규 상의,17 분열한 환각의 절규 하의,17 분열한 환각의 절규 장갑,17 분열한 환각의 절규 어깨장식",173,"7레벨 멸화의 보석,7레벨 멸화의 보석,7레벨 멸화의 보석,7레벨 멸화의 보석,7레벨 멸화의 보석,7레벨 멸화의 보석,7레벨 홍염의 보석,7레벨 홍염의 보석,7레벨 홍염의 보석,7레벨 홍염의 보석,7레벨 홍염의 보석",1565.0,39447,"치명 1559,특화 58,신속 810",137675,2022-09-21 16:19:59.849590,2022-10-25 20:42:12.782124,S순이견주2
60,세상을 구하는 빛 6세트 (18각성합계),버서커,"원한 Lv. 3,예리한 둔기 Lv. 3,광전사의 비기 Lv. 3,저주받은 인형 Lv. 3,돌격대장 Lv. 3","20 숨죽인 배신의 부름 대검,19 아득한 배신의 시선 투구,19 아득한 배신의 시선 상의,19 아득한 배신의 시선 하의,19 숨죽인 배신의 부름 장갑,19 숨죽인 배신의 부름 견갑",162,"9레벨 멸화의 보석,7레벨 멸화의 보석,7레벨 멸화의 보석,7레벨 멸화의 보석,7레벨 멸화의 보석,7레벨 홍염의 보석,7레벨 홍염의 보석,7레벨 홍염의 보석,7레벨 홍염의 보석,7레벨 홍염의 보석,7레벨 홍염의 보석",1581.67,45774,"치명 613,특화 1472,신속 350",187533,2022-09-21 16:20:00.452976,2022-10-19 00:00:09.709422,보이드어벤저
60,세상을 구하는 빛 6세트 (18각성합계),호크아이,"원한 Lv. 3,예리한 둔기 Lv. 3,저주받은 인형 Lv. 3,죽음의 습격 Lv. 3,타격의 대가 Lv. 3,아드레날린 Lv. 1","19 숨죽인 배신의 부름 활,18 숨죽인 배신의 부름 모자,17 숨죽인 배신의 부름 상의,17 아득한 배신의 시선 하의,18 숨죽인 배신의 부름 장갑,18 숨죽인 배신의 부름 견갑",170,,1568.33,44986,"치명 1388,특화 153,신속 721",144468,2022-09-21 16:20:01.488661,2022-10-05 20:26:12.643379,잠옷소년
60,남겨진 바람의 절벽 6세트 (12각성합계),스트라이커,"원한 Lv. 3,예리한 둔기 Lv. 3,저주받은 인형 Lv. 3,기습의 대가 Lv. 3,일격필살 Lv. 3,슈퍼 차지 Lv. 1","18 아득한 배신의 시선 건틀릿,14 아득한 배신의 시선 머리장식,15 숨죽인 배신의 부름 상의,14 아득한 배신의 시선 하의,15 아득한 배신의 시선 장갑,15 아득한 배신의 시선 견갑",170,,1541.67,41491,"치명 791,특화 1394,신속 40",131873,2022-09-21 16:20:02.010229,2022-10-05 20:26:13.177913,추합
60,세상을 구하는 빛 6세트 (18각성합계),건슬링어,"정기 흡수 Lv. 3,원한 Lv. 3,예리한 둔기 Lv. 3,타격의 대가 Lv. 3,아드레날린 Lv. 2,피스메이커 Lv. 1","22 추악한 악몽의 꽃 총,21 추악한 악몽의 꽃 모자,21 추악한 악몽의 꽃 상의,21 추악한 악몽의 꽃 하의,21 추악한 악몽의 꽃 장갑,21 추악한 악몽의 꽃 견갑",161,"8레벨 멸화의 보석,8레벨 멸화의 보석,8레벨 멸화의 보석,8레벨 멸화의 보석,8레벨 홍염의 보석,8레벨 홍염의 보석,8레벨 홍염의 보석,8레벨 홍염의 보석,8레벨 홍염의 보석,7레벨 멸화의 보석,7레벨 멸화의 보석",1507.5,29181,"치명 1584,특화 436,신속 29",130026,2022-09-21 16:20:02.619598,2022-10-05 20:26:13.788638,썬연료2
59,트리시온 6세트,소서리스,"원한 Lv. 3,점화 Lv. 3,타격의 대가 Lv. 3,아드레날린 Lv. 3,속전속결 Lv. 3","20 악몽의 꽃 롱 스태프,19 악몽의 꽃 머리장식,19 악몽의 꽃 상의,18 악몽의 꽃 하의,19 추악한 악몽의 꽃 장갑,19 악몽의 꽃 어깨장식",111,"7레벨 멸화의 보석,7레벨 멸화의 보석,7레벨 멸화의 보석,6레벨 멸화의 보석,6레벨 멸화의 보석,6레벨 멸화의 보석,6레벨 홍염의 보석,6레벨 홍염의 보석,6레벨 홍염의 보석,6레벨 홍염의 보석,5레벨 홍염의 보석",1475.0,25119,"치명 41,특화 1471,신속 539",104740,2022-09-21 16:20:03.193604,2022-10-05 20:26:14.361143,왜이리더워
60,세상을 구하는 빛 6세트 (18각성합계),스트라이커,"원한 Lv. 3,예리한 둔기 Lv. 3,저주받은 인형 Lv. 3,기습의 대가 Lv. 3,일격필살 Lv. 3","18 아득한 배신의 시선 건틀릿,14 아득한 배신의 시선 머리장식,14 숨죽인 배신의 부름 상의,14 아득한 배신의 시선 하의,16 아득한 배신의 시선 장갑,15 아득한 배신의 시선 견갑",201,"7레벨 멸화의 보석,7레벨 멸화의 보석,7레벨 멸화의 보석,7레벨 홍염의 보석,7레벨 홍염의 보석,7레벨 홍염의 보석,7레벨 홍염의 보석,7레벨 홍염의 보석,7레벨 홍염의 보석,7레벨 홍염의 보석,7레벨 홍염의 보석",1541.67,39727,"치명 809,특화 1527,신속 56",164216,2022-09-21 16:20:03.791486,2022-10-24 19:17:24.140091,붕슼
60,세상을 구하는 빛 6세트 (18각성합계),인파이터,"원한 Lv. 3,예리한 둔기 Lv. 3,극의: 체술 Lv. 3,기습의 대가 Lv. 3,아드레날린 Lv. 3","17 아득한 배신의 시선 헤비 건틀릿,15 아득한 배신의 시선 머리장식,15 숨죽인 배신의 부름 상의,15 숨죽인 배신의 부름 하의,16 아득한 배신의 시선 장갑,15 아득한 배신의 시선 견갑",181,"7레벨 멸화의 보석,7레벨 멸화의 보석,7레벨 멸화의 보석,7레벨 멸화의 보석,7레벨 멸화의 보석,7레벨 멸화의 보석,7레벨 홍염의 보석,7레벨 홍염의 보석,7레벨 홍염의 보석,7레벨 홍염의 보석,7레벨 홍염의 보석",1545.0,34514,"치명 1027,특화 55,신속 1134",129081,2022-09-21 16:20:05.018448,2022-10-05 20:26:17.212191,파이터팽
58,필드 보스 II 6세트,도화가,"중갑 착용 Lv. 3,각성 Lv. 3,전문의 Lv. 3,만개 Lv. 3","17 배신의 본능 붓,19 배신의 본능 머리장식,19 배신의 본능 상의,19 배신의 본능 하의,19 배신의 본능 장갑,19 배신의 본능 어깨장식",165,"7레벨 홍염의 보석,7레벨 홍염의 보석,7레벨 홍염의 보석,7레벨 홍염의 보석,7레벨 홍염의 보석,7레벨 홍염의 보석,7레벨 홍염의 보석,5레벨 멸화의 보석,5레벨 홍염의 보석",1470.0,22214,"치명 52,특화 549,신속 1664",109023,2022-09-21 16:20:05.596369,2022-10-05 20:26:17.749722,꿈꾸세요
60,남겨진 바람의 절벽 6세트 (12각성합계),소서리스,"원한 Lv. 3,점화 Lv. 3,타격의 대가 Lv. 3,속전속결 Lv. 3,정밀 단도 Lv. 3","20 악몽의 꽃 롱 스태프,20 악몽의 꽃 머리장식,20 악몽의 꽃 상의,20 악몽의 꽃 하의,14 악몽의 그림자 장갑,20 악몽의 꽃 어깨장식",153,"5레벨 멸화의 보석,5레벨 멸화의 보석,5레벨 멸화의 보석,5레벨 멸화의 보석,5레벨 홍염의 보석,5레벨 홍염의 보석",1496.67,26475,"치명 36,특화 1577,신속 577",106405,2022-09-21 16:20:06.143904,2022-10-05 20:26:18.352147,시린미
57,세상을 구하는 빛 6세트,인파이터,"기습의 대가 Lv. 3,원한 Lv. 2,충격 단련 Lv. 2,예리한 둔기 Lv. 2,선수필승 Lv. 1,정밀 단도 Lv. 1","15 메마른 사멸의 밤 헤비 건틀릿,15 메마른 사멸의 밤 머리장식,15 메마른 사멸의 밤 상의,20 거짓된 사멸의 대지 하의,15 메마른 사멸의 밤 장갑,15 메마른 사멸의 밤 견갑",90,,1531.67,30845,"치명 226,특화 1074,신속 535",116316,2022-09-21 16:20:07.630557,2022-10-05 20:26:19.353432,돈룡
60,세상을 구하는 빛 6세트 (18각성합계),소서리스,"아드레날린 Lv. 3,원한 Lv. 3,예리한 둔기 Lv. 3,환류 Lv. 3,타격의 대가 Lv. 3","16 속삭이는 환각의 메아리 롱 스태프,20 추악한 악몽의 꽃 머리장식,20 비열한 환각의 비명 상의,20 비열한 환각의 비명 하의,15 속삭이는 환각의 메아리 장갑,15 타오르는 악몽의 그림자 어깨장식",118,"7레벨 멸화의 보석,7레벨 멸화의 보석,7레벨 멸화의 보석,7레벨 멸화의 보석,7레벨 멸화의 보석,7레벨 멸화의 보석,7레벨 멸화의 보석,7레벨 홍염의 보석,7레벨 홍염의 보석,7레벨 홍염의 보석,7레벨 홍염의 보석",1516.67,31509,"치명 1378,특화 53,신속 875",100424,2022-09-21 16:20:08.221974,2022-10-05 20:26:19.886046,징징EYA
57,남겨진 바람의 절벽 6세트 (12각성합계),소서리스,"점화 Lv. 3,원한 Lv. 3,타격의 대가 Lv. 3,속전속결 Lv. 3,아드레날린 Lv. 1","19 악몽의 꽃 롱 스태프,18 악몽의 꽃 머리장식,18 악몽의 꽃 상의,18 선택의 하의,18 악몽의 꽃 장갑,18 예정된 결단의 어깨장식",113,"7레벨 홍염의 보석,6레벨 멸화의 보석,6레벨 멸화의 보석,5레벨 멸화의 보석,5레벨 멸화의 보석,5레벨 멸화의 보석,5레벨 홍염의 보석,5레벨 홍염의 보석,5레벨 홍염의 보석,5레벨 홍염의 보석,5레벨 홍염의 보석",1462.5,23497,"치명 512,특화 1492,신속 27",86163,2022-10-19 00:00:13.020386,2022-10-19 00:00:13.020386,그리워아만
60,필드 보스 II 4세트,바드,"급소 타격 Lv. 3,절실한 구원 Lv. 3,중갑 착용 Lv. 3,각성 Lv. 3,전문의 Lv. 3,공격속도 감소 Lv. 1","15 드리운 갈망의 경계 리아네 하프,16 대면한 갈망의 타락 머리장식,16 대면한 갈망의 타락 상의,15 대면한 갈망의 타락 하의,16 드리운 갈망의 경계 장갑,15 드리운 갈망의 경계 어깨장식",161,"5레벨 홍염의 보석,5레벨 홍염의 보석,5레벨 홍염의 보석,5레벨 홍염의 보석,5레벨 홍염의 보석,5레벨 홍염의 보석,5레벨 홍염의 보석,5레벨 홍염의 보석,5레벨 홍염의 보석,2레벨 멸화의 보석",1545.0,33078,"치명 43,특화 1125,신속 1133",127731,2022-10-25 20:48:27.102141,2022-10-25 20:48:27.102141,명진님s
