Title,Thumbnail,Link,StartDate,EndDate,RewardDate
슬레이어 사전 등록 이벤트,https://cdn-lostark.game.onstove.com/uploadfiles/banner/1756e03eb85243d6bd4189f932d0b63b.jpg,https://lostark.game.onstove.com/Promotion/Reservation/230104,2023-01-04T06:00:00,2023-01-18T06:00:00,2023-02-15T06:00:00
프레이야 아일랜드,https://cdn-lostark.game.onstove.com/uploadfiles/banner/a03844805dfe44f6ad7fe8ae1758c052.jpg,https://lostark.game.onstove.com/Promotion/Island/221221,2022-12-21T06:00:00,2023-03-15T06:00:00,
프레이야 포인트 SHOP,https://cdn-lostark.game.onstove.com/uploadfiles/banner/383280fdceea4a6fbb6cee56741dee95.jpg,https://lostark.game.onstove.com/Promotion/pointshop/221221,2022-12-21T06:00:00,2023-03-15T06:00:00,2023-03-22T06:00:00
프레이야 희망의 트리,https://cdn-lostark.game.onstove.com/uploadfiles/banner/512a5b366254482ebc714f3d8366fd1e.jpg,https://lostark.game.onstove.com/Promotion/donation/221221,2022-12-21T06:00:00,2023-03-15T06:00:00,
모코코 유치원 아바타,https://cdn-lostark.game.onstove.com/uploadfiles/banner/ec7b7b4d172b47beb84493a0ba7493b2.jpg,https://lostark.game.onstove.com/Promotion/Package/221221v2,2022-12-21T06:00:00,2023-02-15T06:00:00,
프레이야 X-MAS 트리,https://cdn-lostark.game.onstove.com/uploadfiles/banner/7bf20a733d0c4fe28461b688e68210a6.jpg,https://lostark.game.onstove.com/Promotion/Mission/221221,2022-12-21T06:00:00,2023-01-18T06:00:00,2023-01-25T06:00:00
아크라시아 수집품을 모아콩,https://cdn-lostark.game.onstove.com/uploadfiles/banner/d1c5b4dad1474e26be0cb1fa927fd0f4.jpg,https://lostark.game.onstove.com/Promotion/AttendCheck/221221,2022-12-21T06:00:00,2023-03-15T06:00:00,2023-03-22T06:00:00
"포근한 겨울, 루돌포니!",https://cdn-lostark.game.onstove.com/uploadfiles/banner/946b252be98c484caedc375f16fd26e4.jpg,https://lostark.game.onstove.com/Promotion/PcRoom/221221,2022-12-21T06:00:00,2023-03-15T06:00:00,
아크패스 : 모코코 유치원,https://cdn-lostark.game.onstove.com/uploadfiles/banner/91877870e2954c86a8f4aa7fa928fb47.jpg,https://lostark.game.onstove.com/Promotion/Package/221221,2022-12-21T06:00:00,2023-02-15T06:00:00,
하이퍼 익스프레스 더블 PLUS,https://cdn-lostark.game.onstove.com/uploadfiles/banner/fd4f478db7914e8dadd2d53b9d10cc48.jpg,https://lostark.game.onstove.com/Promotion/Growth/221221,2022-12-21T06:00:00,2023-03-15T06:00:00,
하얀 늑대의 안식처,https://cdn-lostark.game.onstove.com/uploadfiles/banner/82a47346d66b44eba798575853b88f41.jpg,https://lostark.game.onstove.com/Promotion/Collaboration/221123,2022-11-23T06:00:00,2023-01-18T06:00:00,
더 위쳐 콜라보레이션 기념 패키지,https://cdn-lostark.game.onstove.com/uploadfiles/banner/4a8bda2de60f42f6b093becfd3a2aa8f.jpg,https://lostark.game.onstove.com/Promotion/Package/221123,2022-11-23T06:00:00,2023-01-18T06:00:00,
